estructura,operacion,orden_insercion,N,M,repeticion,semilla,tiempo_total_s,tiempo_por_operacion_s,altura,orden_bmas
lista_desordenada,insertar,aleatorio,1000,1000,1,43,6.86999992467463e-05,6.86999992467463e-08,,
lista_desordenada,buscar,aleatorio,1000,1000,1,43,0.016828399999212706,1.6828399999212706e-05,,
lista_desordenada,listar,aleatorio,1000,1000,1,43,0.00022769999850424938,2.2769999850424938e-07,,
lista_desordenada,insertar,aleatorio,1000,1000,2,44,6.120000034570694e-05,6.120000034570693e-08,,
lista_desordenada,buscar,aleatorio,1000,1000,2,44,0.01635050000186311,1.6350500001863112e-05,,
lista_desordenada,listar,aleatorio,1000,1000,2,44,0.00014989999908721074,1.4989999908721073e-07,,
lista_desordenada,insertar,aleatorio,1000,1000,3,45,4.3399999412940815e-05,4.339999941294081e-08,,
lista_desordenada,buscar,aleatorio,1000,1000,3,45,0.015202399998088367,1.5202399998088367e-05,,
lista_desordenada,listar,aleatorio,1000,1000,3,45,0.00012989999959245324,1.2989999959245324e-07,,
lista_desordenada,insertar,aleatorio,10000,1000,1,43,0.002221400001872098,2.221400001872098e-07,,
lista_desordenada,buscar,aleatorio,10000,1000,1,43,0.21971660000053816,0.00021971660000053817,,
lista_desordenada,listar,aleatorio,10000,1000,1,43,0.0018172000018239487,1.8172000018239488e-07,,
lista_desordenada,insertar,aleatorio,10000,1000,2,44,0.00040409999928670004,4.040999992867e-08,,
lista_desordenada,buscar,aleatorio,10000,1000,2,44,0.143400400000246,0.000143400400000246,,
lista_desordenada,listar,aleatorio,10000,1000,2,44,0.0016141000014613383,1.6141000014613382e-07,,
lista_desordenada,insertar,aleatorio,10000,1000,3,45,0.0005550999994738959,5.5509999947389585e-08,,
lista_desordenada,buscar,aleatorio,10000,1000,3,45,0.16336299999966286,0.00016336299999966287,,
lista_desordenada,listar,aleatorio,10000,1000,3,45,0.0014741999984835275,1.4741999984835273e-07,,
lista_desordenada,insertar,aleatorio,100000,1000,1,43,0.0103095000013127,1.03095000013127e-07,,
lista_desordenada,buscar,aleatorio,100000,1000,1,43,4.115646600002947,0.004115646600002947,,
lista_desordenada,listar,aleatorio,100000,1000,1,43,0.02913279999847873,2.913279999847873e-07,,
lista_desordenada,insertar,aleatorio,100000,1000,2,44,0.011978599999565631,1.1978599999565632e-07,,
lista_desordenada,buscar,aleatorio,100000,1000,2,44,4.011641799999779,0.004011641799999779,,
lista_desordenada,listar,aleatorio,100000,1000,2,44,0.028821600000810577,2.8821600000810575e-07,,
lista_desordenada,insertar,aleatorio,100000,1000,3,45,0.012318299999606097,1.2318299999606098e-07,,
lista_desordenada,buscar,aleatorio,100000,1000,3,45,3.965966199997638,0.003965966199997638,,
lista_desordenada,listar,aleatorio,100000,1000,3,45,0.027561400002014125,2.7561400002014125e-07,,
lista_ordenada,insertar,aleatorio,1000,1000,1,43,0.0011790999997174367,1.1790999997174367e-06,,
lista_ordenada,buscar,aleatorio,1000,1000,1,43,0.0008577000007790048,8.577000007790047e-07,,
lista_ordenada,listar,aleatorio,1000,1000,1,43,9.700001101009548e-06,9.700001101009547e-09,,
lista_ordenada,insertar,aleatorio,1000,1000,2,44,0.0007383000011031982,7.383000011031981e-07,,
lista_ordenada,buscar,aleatorio,1000,1000,2,44,0.0006972000010136981,6.972000010136981e-07,,
lista_ordenada,listar,aleatorio,1000,1000,2,44,3.1999989005271345e-06,3.1999989005271347e-09,,
lista_ordenada,insertar,aleatorio,1000,1000,3,45,0.0006668000023637433,6.668000023637433e-07,,
lista_ordenada,buscar,aleatorio,1000,1000,3,45,0.0007020000011834782,7.020000011834782e-07,,
lista_ordenada,listar,aleatorio,1000,1000,3,45,2.5000008463393897e-06,2.50000084633939e-09,,
lista_ordenada,insertar,aleatorio,10000,1000,1,43,0.014905700001691002,1.4905700001691002e-06,,
lista_ordenada,buscar,aleatorio,10000,1000,1,43,0.001114000002417015,1.114000002417015e-06,,
lista_ordenada,listar,aleatorio,10000,1000,1,43,4.1700001020217314e-05,4.1700001020217315e-09,,
lista_ordenada,insertar,aleatorio,10000,1000,2,44,0.01793099999849801,1.793099999849801e-06,,
lista_ordenada,buscar,aleatorio,10000,1000,2,44,0.001130399999965448,1.1303999999654478e-06,,
lista_ordenada,listar,aleatorio,10000,1000,2,44,5.779999992228113e-05,5.779999992228113e-09,,
lista_ordenada,insertar,aleatorio,10000,1000,3,45,0.013740800000960007,1.3740800000960008e-06,,
lista_ordenada,buscar,aleatorio,10000,1000,3,45,0.0009165000010398217,9.165000010398217e-07,,
lista_ordenada,listar,aleatorio,10000,1000,3,45,2.5699999241624027e-05,2.5699999241624027e-09,,
lista_ordenada,insertar,aleatorio,100000,1000,1,43,0.699594599998818,6.99594599998818e-06,,
lista_ordenada,buscar,aleatorio,100000,1000,1,43,0.002031599997280864,2.031599997280864e-06,,
lista_ordenada,listar,aleatorio,100000,1000,1,43,0.00044410000191419385,4.441000019141939e-09,,
lista_ordenada,insertar,aleatorio,100000,1000,2,44,0.6801378999989538,6.801378999989538e-06,,
lista_ordenada,buscar,aleatorio,100000,1000,2,44,0.0017986000020755455,1.7986000020755454e-06,,
lista_ordenada,listar,aleatorio,100000,1000,2,44,0.0004349999981059227,4.3499999810592275e-09,,
lista_ordenada,insertar,aleatorio,100000,1000,3,45,0.7035189000016544,7.035189000016544e-06,,
lista_ordenada,buscar,aleatorio,100000,1000,3,45,0.0019132999987050425,1.9132999987050424e-06,,
lista_ordenada,listar,aleatorio,100000,1000,3,45,0.0004951999981130939,4.951999981130939e-09,,
abb,insertar,aleatorio,1000,1000,1,43,0.0005875999995623715,5.875999995623715e-07,24,
abb,buscar,aleatorio,1000,1000,1,43,0.0003566999985196162,3.566999985196162e-07,24,
abb,listar,aleatorio,1000,1000,1,43,7.209999967017211e-05,7.209999967017211e-08,24,
abb,insertar,aleatorio,1000,1000,2,44,0.0004948999994667247,4.948999994667247e-07,21,
abb,buscar,aleatorio,1000,1000,2,44,0.0003288000007160008,3.288000007160008e-07,21,
abb,listar,aleatorio,1000,1000,2,44,7.129999721655622e-05,7.129999721655623e-08,21,
abb,insertar,aleatorio,1000,1000,3,45,0.0006298000007518567,6.298000007518567e-07,22,
abb,buscar,aleatorio,1000,1000,3,45,0.00043059999734396115,4.305999973439612e-07,22,
abb,listar,aleatorio,1000,1000,3,45,8.680000246386044e-05,8.680000246386043e-08,22,
abb,insertar,aleatorio,10000,1000,1,43,0.008697000001120614,8.697000001120614e-07,30,
abb,buscar,aleatorio,10000,1000,1,43,0.0006423000013455749,6.423000013455748e-07,30,
abb,listar,aleatorio,10000,1000,1,43,0.0009235000034095719,9.23500003409572e-08,30,
abb,insertar,aleatorio,10000,1000,2,44,0.007719200002611615,7.719200002611614e-07,31,
abb,buscar,aleatorio,10000,1000,2,44,0.0005387000019254629,5.387000019254628e-07,31,
abb,listar,aleatorio,10000,1000,2,44,0.0007041999997454695,7.041999997454696e-08,31,
abb,insertar,aleatorio,10000,1000,3,45,0.00778090000312659,7.78090000312659e-07,28,
abb,buscar,aleatorio,10000,1000,3,45,0.00046019999717827886,4.601999971782789e-07,28,
abb,listar,aleatorio,10000,1000,3,45,0.0006878000021970365,6.878000021970366e-08,28,
abb,insertar,aleatorio,100000,1000,1,43,0.13973260000057053,1.3973260000057052e-06,38,
abb,buscar,aleatorio,100000,1000,1,43,0.0009176999992632773,9.176999992632772e-07,38,
abb,listar,aleatorio,100000,1000,1,43,0.01353709999966668,1.353709999966668e-07,38,
abb,insertar,aleatorio,100000,1000,2,44,0.14421280000169645,1.4421280000169644e-06,38,
abb,buscar,aleatorio,100000,1000,2,44,0.0009869999994407408,9.869999994407408e-07,38,
abb,listar,aleatorio,100000,1000,2,44,0.013432799998554401,1.3432799998554402e-07,38,
abb,insertar,aleatorio,100000,1000,3,45,0.14414670000041951,1.4414670000041952e-06,41,
abb,buscar,aleatorio,100000,1000,3,45,0.0009278999968955759,9.278999968955759e-07,41,
abb,listar,aleatorio,100000,1000,3,45,0.014713799999299226,1.4713799999299226e-07,41,
bmas,insertar,aleatorio,1000,1000,1,43,0.0009672999985923525,9.672999985923524e-07,3,32
bmas,buscar,aleatorio,1000,1000,1,43,0.0011684999990393408,1.1684999990393407e-06,3,32
bmas,listar,aleatorio,1000,1000,1,43,3.550000110408291e-05,3.550000110408291e-08,3,32
bmas,insertar,aleatorio,1000,1000,2,44,0.000954999999521533,9.54999999521533e-07,3,32
bmas,buscar,aleatorio,1000,1000,2,44,0.0007805999994161539,7.805999994161538e-07,3,32
bmas,listar,aleatorio,1000,1000,2,44,4.329999865149148e-05,4.329999865149148e-08,3,32
bmas,insertar,aleatorio,1000,1000,3,45,0.0008195999980671331,8.195999980671331e-07,3,32
bmas,buscar,aleatorio,1000,1000,3,45,0.0006691999988106545,6.691999988106546e-07,3,32
bmas,listar,aleatorio,1000,1000,3,45,1.300000076298602e-05,1.300000076298602e-08,3,32
bmas,insertar,aleatorio,10000,1000,1,43,0.013774600000033388,1.3774600000033387e-06,3,32
bmas,buscar,aleatorio,10000,1000,1,43,0.0008981999999377877,8.981999999377877e-07,3,32
bmas,listar,aleatorio,10000,1000,1,43,0.00010929999916697852,1.0929999916697853e-08,3,32
bmas,insertar,aleatorio,10000,1000,2,44,0.011283899999398272,1.1283899999398272e-06,3,32
bmas,buscar,aleatorio,10000,1000,2,44,0.0009277999997721054,9.277999997721054e-07,3,32
bmas,listar,aleatorio,10000,1000,2,44,7.850000110920519e-05,7.850000110920519e-09,3,32
bmas,insertar,aleatorio,10000,1000,3,45,0.011829099999886239,1.182909999988624e-06,3,32
bmas,buscar,aleatorio,10000,1000,3,45,0.0009830000017245766,9.830000017245766e-07,3,32
bmas,listar,aleatorio,10000,1000,3,45,7.299999924725853e-05,7.299999924725853e-09,3,32
bmas,insertar,aleatorio,100000,1000,1,43,0.17038050000337535,1.7038050000337534e-06,4,32
bmas,buscar,aleatorio,100000,1000,1,43,0.0027645999980450142,2.7645999980450143e-06,4,32
bmas,listar,aleatorio,100000,1000,1,43,0.0014781999998376705,1.4781999998376704e-08,4,32
bmas,insertar,aleatorio,100000,1000,2,44,0.17041539999991073,1.7041539999991074e-06,4,32
bmas,buscar,aleatorio,100000,1000,2,44,0.0014315000007627532,1.4315000007627531e-06,4,32
bmas,listar,aleatorio,100000,1000,2,44,0.0012456999975256622,1.2456999975256621e-08,4,32
bmas,insertar,aleatorio,100000,1000,3,45,0.17253359999813256,1.7253359999813256e-06,4,32
bmas,buscar,aleatorio,100000,1000,3,45,0.0014478000011877157,1.4478000011877157e-06,4,32
bmas,listar,aleatorio,100000,1000,3,45,0.0012452000009943731,1.2452000009943731e-08,4,32
lista_desordenada,insertar,ordenado,1000,1000,1,43,6.229999780771323e-05,6.229999780771323e-08,,
lista_desordenada,buscar,ordenado,1000,1000,1,43,0.008344400001078611,8.344400001078611e-06,,
lista_desordenada,listar,ordenado,1000,1000,1,43,3.609999839682132e-05,3.609999839682132e-08,,
lista_desordenada,insertar,ordenado,1000,1000,2,44,3.819999983534217e-05,3.8199999835342166e-08,,
lista_desordenada,buscar,ordenado,1000,1000,2,44,0.00963929999852553,9.63929999852553e-06,,
lista_desordenada,listar,ordenado,1000,1000,2,44,2.939999831141904e-05,2.939999831141904e-08,,
lista_desordenada,insertar,ordenado,1000,1000,3,45,4.160000025876798e-05,4.160000025876798e-08,,
lista_desordenada,buscar,ordenado,1000,1000,3,45,0.008020999997825129,8.02099999782513e-06,,
lista_desordenada,listar,ordenado,1000,1000,3,45,2.519999907235615e-05,2.519999907235615e-08,,
lista_desordenada,insertar,ordenado,10000,1000,1,43,0.00042749999920488335,4.274999992048834e-08,,
lista_desordenada,buscar,ordenado,10000,1000,1,43,0.09447189999991679,9.447189999991678e-05,,
lista_desordenada,listar,ordenado,10000,1000,1,43,0.0003316999973321799,3.316999973321799e-08,,
lista_desordenada,insertar,ordenado,10000,1000,2,44,0.0003768999995372724,3.768999995372724e-08,,
lista_desordenada,buscar,ordenado,10000,1000,2,44,0.09009489999880316,9.009489999880315e-05,,
lista_desordenada,listar,ordenado,10000,1000,2,44,0.0002517000029911287,2.517000029911287e-08,,
lista_desordenada,insertar,ordenado,10000,1000,3,45,0.00040470000021741726,4.0470000021741725e-08,,
lista_desordenada,buscar,ordenado,10000,1000,3,45,0.09296919999906095,9.296919999906094e-05,,
lista_desordenada,listar,ordenado,10000,1000,3,45,0.00023700000019744039,2.3700000019744037e-08,,
lista_desordenada,insertar,ordenado,100000,1000,1,43,0.004349900002125651,4.349900002125651e-08,,
lista_desordenada,buscar,ordenado,100000,1000,1,43,1.1500648000001092,0.0011500648000001092,,
lista_desordenada,listar,ordenado,100000,1000,1,43,0.0036510999998426996,3.6510999998426995e-08,,
lista_desordenada,insertar,ordenado,100000,1000,2,44,0.004254600000422215,4.254600000422215e-08,,
lista_desordenada,buscar,ordenado,100000,1000,2,44,1.1971287000014854,0.0011971287000014854,,
lista_desordenada,listar,ordenado,100000,1000,2,44,0.0034582000007503666,3.4582000007503665e-08,,
lista_desordenada,insertar,ordenado,100000,1000,3,45,0.004218300000502495,4.218300000502495e-08,,
lista_desordenada,buscar,ordenado,100000,1000,3,45,1.1810565000014321,0.0011810565000014322,,
lista_desordenada,listar,ordenado,100000,1000,3,45,0.003879299998516217,3.879299998516217e-08,,
lista_ordenada,insertar,ordenado,1000,1000,1,43,0.000583500001084758,5.835000010847579e-07,,
lista_ordenada,buscar,ordenado,1000,1000,1,43,0.000685800001519965,6.85800001519965e-07,,
lista_ordenada,listar,ordenado,1000,1000,1,43,2.2999993234407157e-06,2.299999323440716e-09,,
lista_ordenada,insertar,ordenado,1000,1000,2,44,0.0005755000020144507,5.755000020144507e-07,,
lista_ordenada,buscar,ordenado,1000,1000,2,44,0.0006644999994023237,6.644999994023238e-07,,
lista_ordenada,listar,ordenado,1000,1000,2,44,2.9000002541579306e-06,2.9000002541579305e-09,,
lista_ordenada,insertar,ordenado,1000,1000,3,45,0.0007415999971271958,7.415999971271958e-07,,
lista_ordenada,buscar,ordenado,1000,1000,3,45,0.0006901999986439478,6.901999986439478e-07,,
lista_ordenada,listar,ordenado,1000,1000,3,45,3.7999998312443495e-06,3.79999983124435e-09,,
lista_ordenada,insertar,ordenado,10000,1000,1,43,0.008666099998663412,8.666099998663412e-07,,
lista_ordenada,buscar,ordenado,10000,1000,1,43,0.001234799998201197,1.234799998201197e-06,,
lista_ordenada,listar,ordenado,10000,1000,1,43,4.3399999412940815e-05,4.3399999412940815e-09,,
lista_ordenada,insertar,ordenado,10000,1000,2,44,0.007685999997192994,7.685999997192994e-07,,
lista_ordenada,buscar,ordenado,10000,1000,2,44,0.0011379999996279366,1.1379999996279367e-06,,
lista_ordenada,listar,ordenado,10000,1000,2,44,2.220000169472769e-05,2.220000169472769e-09,,
lista_ordenada,insertar,ordenado,10000,1000,3,45,0.008875499999703607,8.875499999703607e-07,,
lista_ordenada,buscar,ordenado,10000,1000,3,45,0.0009503000001132023,9.503000001132023e-07,,
lista_ordenada,listar,ordenado,10000,1000,3,45,3.6200002796249464e-05,3.6200002796249463e-09,,
lista_ordenada,insertar,ordenado,100000,1000,1,43,0.11412709999785875,1.1412709999785875e-06,,
lista_ordenada,buscar,ordenado,100000,1000,1,43,0.0024009000007936265,2.4009000007936264e-06,,
lista_ordenada,listar,ordenado,100000,1000,1,43,0.00047730000005685724,4.7730000005685725e-09,,
lista_ordenada,insertar,ordenado,100000,1000,2,44,0.1143088999997417,1.143088999997417e-06,,
lista_ordenada,buscar,ordenado,100000,1000,2,44,0.0020100000001548324,2.0100000001548324e-06,,
lista_ordenada,listar,ordenado,100000,1000,2,44,0.0004377000004751608,4.377000004751608e-09,,
lista_ordenada,insertar,ordenado,100000,1000,3,45,0.10835770000267075,1.0835770000267075e-06,,
lista_ordenada,buscar,ordenado,100000,1000,3,45,0.0021050000032118987,2.1050000032118987e-06,,
lista_ordenada,listar,ordenado,100000,1000,3,45,0.0006154000002425164,6.154000002425164e-09,,
abb,insertar,ordenado,1000,1000,1,43,0.016289499999402324,1.6289499999402324e-05,1000,
abb,buscar,ordenado,1000,1000,1,43,0.018942800001241267,1.8942800001241267e-05,1000,
abb,listar,ordenado,1000,1000,1,43,0.00012620000052265823,1.2620000052265822e-07,1000,
abb,insertar,ordenado,1000,1000,2,44,0.016091299999970943,1.6091299999970943e-05,1000,
abb,buscar,ordenado,1000,1000,2,44,0.022756099999241997,2.2756099999241998e-05,1000,
abb,listar,ordenado,1000,1000,2,44,0.00010750000001280569,1.0750000001280569e-07,1000,
abb,insertar,ordenado,1000,1000,3,45,0.015261499996995553,1.5261499996995553e-05,1000,
abb,buscar,ordenado,1000,1000,3,45,0.019034699998883298,1.9034699998883298e-05,1000,
abb,listar,ordenado,1000,1000,3,45,0.00012570000035339035,1.2570000035339035e-07,1000,
abb,insertar,ordenado,5000,1000,1,43,0.4037766000001284,8.075532000002567e-05,5000,
abb,buscar,ordenado,5000,1000,1,43,0.09367729999939911,9.36772999993991e-05,5000,
abb,listar,ordenado,5000,1000,1,43,0.000459999999293359,9.19999998586718e-08,5000,
abb,insertar,ordenado,5000,1000,2,44,0.39843130000008387,7.968626000001678e-05,5000,
abb,buscar,ordenado,5000,1000,2,44,0.0875506000011228,8.75506000011228e-05,5000,
abb,listar,ordenado,5000,1000,2,44,0.0005440999993879814,1.0881999987759628e-07,5000,
abb,insertar,ordenado,5000,1000,3,45,0.40367350000087754,8.07347000001755e-05,5000,
abb,buscar,ordenado,5000,1000,3,45,0.08803600000101142,8.803600000101142e-05,5000,
abb,listar,ordenado,5000,1000,3,45,0.0006208999984664842,1.2417999969329685e-07,5000,
abb,insertar,ordenado,20000,1000,1,43,6.926820799999405,0.00034634103999997025,20000,
abb,buscar,ordenado,20000,1000,1,43,0.37897090000114986,0.00037897090000114984,20000,
abb,listar,ordenado,20000,1000,1,43,0.0016856000002007931,8.428000001003965e-08,20000,
abb,insertar,ordenado,20000,1000,2,44,7.194955499999196,0.0003597477749999598,20000,
abb,buscar,ordenado,20000,1000,2,44,0.4066146999975899,0.0004066146999975899,20000,
abb,listar,ordenado,20000,1000,2,44,0.002183500000683125,1.0917500003415626e-07,20000,
abb,insertar,ordenado,20000,1000,3,45,8.364267999997537,0.0004182133999998769,20000,
abb,buscar,ordenado,20000,1000,3,45,0.7987255999978515,0.0007987255999978516,20000,
abb,listar,ordenado,20000,1000,3,45,0.0014646999989054166,7.323499994527083e-08,20000,
bmas,insertar,ordenado,1000,1000,1,43,0.0020143000001553446,2.0143000001553445e-06,3,32
bmas,buscar,ordenado,1000,1000,1,43,0.0018363000017416198,1.8363000017416197e-06,3,32
bmas,listar,ordenado,1000,1000,1,43,5.430000237538479e-05,5.430000237538479e-08,3,32
bmas,insertar,ordenado,1000,1000,2,44,0.0016500000019732397,1.6500000019732398e-06,3,32
bmas,buscar,ordenado,1000,1000,2,44,0.0015419999981531873,1.5419999981531874e-06,3,32
bmas,listar,ordenado,1000,1000,2,44,5.6499997299397364e-05,5.6499997299397366e-08,3,32
bmas,insertar,ordenado,1000,1000,3,45,0.0023795000015525147,2.3795000015525147e-06,3,32
bmas,buscar,ordenado,1000,1000,3,45,0.0011670999992929865,1.1670999992929865e-06,3,32
bmas,listar,ordenado,1000,1000,3,45,2.609999864944257e-05,2.609999864944257e-08,3,32
bmas,insertar,ordenado,10000,1000,1,43,0.02616120000311639,2.616120000311639e-06,4,32
bmas,buscar,ordenado,10000,1000,1,43,0.0012986999972781632,1.2986999972781631e-06,4,32
bmas,listar,ordenado,10000,1000,1,43,0.0002772999978333246,2.772999978333246e-08,4,32
bmas,insertar,ordenado,10000,1000,2,44,0.020776999997906387,2.077699999790639e-06,4,32
bmas,buscar,ordenado,10000,1000,2,44,0.0018897000009019393,1.8897000009019394e-06,4,32
bmas,listar,ordenado,10000,1000,2,44,0.00016220000179600902,1.62200001796009e-08,4,32
bmas,insertar,ordenado,10000,1000,3,45,0.017164500000944827,1.7164500000944826e-06,4,32
bmas,buscar,ordenado,10000,1000,3,45,0.001211999999213731,1.2119999992137309e-06,4,32
bmas,listar,ordenado,10000,1000,3,45,9.709999721962959e-05,9.70999972196296e-09,4,32
bmas,insertar,ordenado,100000,1000,1,43,0.2526345999976911,2.526345999976911e-06,4,32
bmas,buscar,ordenado,100000,1000,1,43,0.003993699996499345,3.9936999964993445e-06,4,32
bmas,listar,ordenado,100000,1000,1,43,0.002474099997925805,2.474099997925805e-08,4,32
bmas,insertar,ordenado,100000,1000,2,44,0.18984629999977187,1.8984629999977187e-06,4,32
bmas,buscar,ordenado,100000,1000,2,44,0.0026188999981968664,2.6188999981968664e-06,4,32
bmas,listar,ordenado,100000,1000,2,44,0.0013691999993170612,1.3691999993170611e-08,4,32
bmas,insertar,ordenado,100000,1000,3,45,0.18814989999737008,1.8814989999737008e-06,4,32
bmas,buscar,ordenado,100000,1000,3,45,0.0020680999987234827,2.0680999987234825e-06,4,32
bmas,listar,ordenado,100000,1000,3,45,0.0010966000008920673,1.0966000008920673e-08,4,32
