Estructura,Ordenamiento,N,Metrica,Promedio,Mediana,StdDev
Lista,aleatorio,1000,insercion,0.0005606369629063579,0.0005558708496344877,7.097636148477109e-05
Lista,aleatorio,1000,busqueda,2.588350878816925e-07,2.6836635738014535e-07,1.8030149061873862e-08
Lista,aleatorio,1000,listar,7.672154235482954e-06,8.13882065192617e-06,1.0139270464152412e-06
ABB,aleatorio,1000,insercion,0.001241041699182688,0.0012526864258219916,7.206400089307319e-05
ABB,aleatorio,1000,busqueda,1.244321464888287e-06,1.2381618164383212e-06,4.720938937385564e-08
ABB,aleatorio,1000,listar,0.00016010549316156642,0.00016403317863744604,1.2878074551503648e-05
BPlus,aleatorio,1000,insercion,0.004124923125016266,0.004079414843545237,0.00014578814007087037
BPlus,aleatorio,1000,busqueda,3.6184811523796154e-07,3.6323366696500157e-07,9.479576951130094e-09
BPlus,aleatorio,1000,listar,5.634720537062154e-06,5.647485737725333e-06,1.3478572259695277e-07
Lista,ordenado,1000,insercion,0.00015039632081208508,0.0001497565674117851,1.912968276275375e-06
Lista,ordenado,1000,busqueda,1.6221804198153222e-07,1.605334594874108e-07,3.0818629623816485e-09
Lista,ordenado,1000,listar,1.915993767051538e-06,1.9040189725844092e-06,4.059691449223718e-08
ABB,ordenado,1000,insercion,0.054247871250117895,0.05346861562566119,0.0020993618611368785
ABB,ordenado,1000,busqueda,0.00011053300250077882,0.00012869000000000598,2.8161301006690334e-05
ABB,ordenado,1000,listar,0.00014070708496127793,0.00013833238523908165,5.384447654024209e-06
BPlus,ordenado,1000,insercion,0.00038663179690914264,0.00037526975097712523,4.2451043134867955e-05
BPlus,ordenado,1000,busqueda,2.2211992675575943e-07,2.1518326416192224e-07,1.4293095071811896e-08
BPlus,ordenado,1000,listar,5.4177108008646165e-06,5.093990709609253e-06,5.869294994142769e-07
Lista,aleatorio,5000,insercion,0.004008177343655462,0.004040364843575617,0.00015546931639061036
Lista,aleatorio,5000,busqueda,1.994217773329865e-07,2.0003244627009308e-07,6.350440303460005e-09
Lista,aleatorio,5000,listar,1.1529946137778246e-05,1.1362078104037998e-05,2.8467308965202775e-07
ABB,aleatorio,5000,insercion,0.006778763906299901,0.006459717578394475,0.0006975084229999416
ABB,aleatorio,5000,busqueda,7.444054785132437e-07,7.394717772903903e-07,1.1575681945173912e-08
ABB,aleatorio,5000,listar,0.0004518797900605165,0.00044654973142499443,1.3857994343274729e-05
BPlus,aleatorio,5000,insercion,0.01511581531245838,0.014916071093466599,0.0009619816163206473
BPlus,aleatorio,5000,busqueda,3.007464111068003e-07,2.9663332516705054e-07,1.8714907736745094e-08
BPlus,aleatorio,5000,listar,2.3815230106105646e-05,2.412217866143429e-05,6.391829808040885e-07
Lista,ordenado,5000,insercion,0.0008715089355277427,0.0008538288086086254,5.621386695845732e-05
Lista,ordenado,5000,busqueda,1.9344459472847574e-07,1.9359666751217474e-07,7.393384662649859e-09
Lista,ordenado,5000,listar,1.1869452666957159e-05,1.2170731356619946e-05,8.691855287887277e-07
ABB,ordenado,5000,insercion,1.546475559999817,1.5232686000017566,0.06622970671125357
ABB,ordenado,5000,busqueda,0.0004031845849996898,0.00040324252500067813,1.2660538904146201e-05
ABB,ordenado,5000,listar,0.0007612102929435594,0.0007688455077072831,2.8384650660685407e-05
BPlus,ordenado,5000,insercion,0.0021313976953564405,0.002126459765548816,4.351163398923275e-05
BPlus,ordenado,5000,busqueda,2.7552084470130465e-07,2.792222411329703e-07,5.194201117654957e-09
BPlus,ordenado,5000,listar,2.285724639237152e-05,2.280624846706658e-05,3.4204987318242245e-07
Lista,aleatorio,10000,insercion,0.012458730312403077,0.012407925781587892,0.00015088816804204134
Lista,aleatorio,10000,busqueda,2.3150461673218104e-07,2.3036411137766776e-07,2.127482862117856e-08
Lista,aleatorio,10000,listar,5.497292602765214e-05,5.516593932819447e-05,3.262849851217455e-06
ABB,aleatorio,10000,insercion,0.01887191281241485,0.0190798890627093,0.0010502233060582012
ABB,aleatorio,10000,busqueda,1.4757397265285022e-06,1.4179631834707608e-06,1.0200812907838554e-07
ABB,aleatorio,10000,listar,0.0018122109179600442,0.001774704882819833,7.767321349976297e-05
BPlus,aleatorio,10000,insercion,0.05542726687508548,0.05445960312522402,0.0022479689360708497
BPlus,aleatorio,10000,busqueda,4.908150000218825e-07,4.898100097712188e-07,1.5295884849202297e-08
BPlus,aleatorio,10000,listar,0.00010815792235465693,0.00010967566531094874,5.708588927813547e-06
Lista,ordenado,10000,insercion,0.0029699340625199966,0.002977125976585171,0.00011891684936480935
Lista,ordenado,10000,busqueda,3.3471291990885276e-07,3.416283203439008e-07,3.0163493462284297e-08
Lista,ordenado,10000,listar,4.9105605476063016e-05,4.8777761838314504e-05,3.288324774166459e-06
BPlus,ordenado,10000,insercion,0.00811382312498381,0.008042615624901828,0.0003766305697086782
BPlus,ordenado,10000,busqueda,4.976736035182228e-07,4.942853515430557e-07,3.634624103362985e-08
BPlus,ordenado,10000,listar,0.00010684557616746915,0.00010763277587244602,8.115579544600865e-06
Lista,aleatorio,20000,insercion,0.12964908000049036,0.12881477500013716,0.007888265063881692
Lista,aleatorio,20000,busqueda,3.420799706965738e-07,3.4317011722251325e-07,1.321614752002336e-08
Lista,aleatorio,20000,listar,0.0002381357104459525,0.0002434054320916701,1.381199940645282e-05
ABB,aleatorio,20000,insercion,0.04899363312506466,0.04888105937493492,0.002363617160705249
ABB,aleatorio,20000,busqueda,1.4141283593900767e-06,1.4099248047401148e-06,5.466519317510489e-08
ABB,aleatorio,20000,listar,0.0042788656249229005,0.004223441406310258,0.000201702232186066
BPlus,aleatorio,20000,insercion,0.12695778125043944,0.1260663875004866,0.0037285635909428258
BPlus,aleatorio,20000,busqueda,5.983466503842294e-07,5.953418456350334e-07,5.0373743111852275e-08
BPlus,aleatorio,20000,listar,0.0003847462939251756,0.00039231228017477804,3.040495107688857e-05
Lista,ordenado,20000,insercion,0.0063340358593848125,0.006300804297126206,0.0003303640255072887
Lista,ordenado,20000,busqueda,3.543699902103015e-07,3.511359619210452e-07,1.1574568247557491e-08
Lista,ordenado,20000,listar,0.00019043900880060248,0.0001856049072692656,1.4443928191005868e-05
BPlus,ordenado,20000,insercion,0.021693610625175098,0.022042634375452508,0.0013629339278144778
BPlus,ordenado,20000,busqueda,5.208962695306241e-07,5.293931641574545e-07,2.079409842079433e-08
BPlus,ordenado,20000,listar,0.0003887231738183061,0.00040918896482011746,3.296659096686817e-05
